## 常用命令

```mysql
# 查看当前时区 
show variables like 'time_zone';
# 慢查询日志配置
show variables like '%slow_query_log%';
# 修改时区为东九区
set time_zone='+9:00';
# 查看默认存储引擎
show variables like 'default_storage_engine';
#查看当前默认的存储引擎
show variables like '%storage_engine%';
#查看当前支持的存储引擎
show engines \g
#修改当前表的存储引擎
alter table ai engine = innodb;
# 建表语句
create table country( 
    country_id smallint unsigned not null auto_increment, 
    country varchar(50) not null,
    last_update datetime,
    primary key (country_id) 
) engine=innodb default charset=utf8;
# 查看数据库一些基本目录
mysql -uroot -p -e 'SHOW VARIABLES WHERE Variable_Name LIKE "%dir"'
# 重启mysql
/usr/local/mysql/support-files/mysql.server restart
```

## 入门命令

1. `drop database 数据库名`        删除数据库

2. `drop table 表名`                     删除表

   __注意：__千万注意不要创建表、数据库、字段的时候用特殊字符，带上反引号。

3. `select database() `                 查看当前选择的数据库

4. `show create table 表名`         查看建表语句

5. 添加数据：`insert into 表名(字段名1,字段名2....) values (值1,值2....)`

6. 修改数据    `update 表名 set 字段名1=值1,字段名2=值2.... where 条件`

7. 删除数据    `delete  from 表名 where 条件`

8. 导出数据库 

   1. `mysqldump -u 用户名 -p 数据库名 > 导出的文件名`   直接导出数据库
   2. `mysqldump -u 用户名 -p 数据库名 表名 > 导出的文件名` 导出指定数据库中的某个表。

9. 查看缓存

   1. `show variables like "%query_cache%";` 
   2. `show status like "%Qcache%"`

## 字符集的查看

### 字符集级别

1. 服务器级：  数据库级： 数据表级： 字段名级：
2. 这四种级有一个特点就是__本级__ 如果没有指定字符集那么将会使用__上级别__的字符集。

### 数据库级

```mysql
查看当前服务器的字符集      show variables like 'character_set_server';
查看当前数据库的字符集      show variables like 'character_set_database';
查看当前数据库的校对规则    show variables like 'collation_database';
查看系统中可用的字符集		 show character set;
创建数据库的时候设置字符集   create database 179lamp default character set utf8;
```

### 数据表级

```mysql
查看数据表的字符集   show create table 表名
设置字符集 		   create table 表名 (.........)charset=字符集
```

## 修改表

格式   `alter table 表名 动作` 

1. 添加字段     ` alter table 表名 add 字段名 字段类型 约束条件 [first|after 字段名];` 
2. 修改字段     `alter table 表名 modify 字段名 新的类型 约束条件` 
3. 修改字段名修改字段类型、约束类型   `alter table 表名 change 旧字段名 新字段名  新字段类型 新字段约束条件;` 
4. 删除字段    `alter table 表名 drop 要删除的字段名` 
5. 修改表名    ` alter table 旧表名 rename as 新表名` 

## 增、删、改

### 插入数据

1. 方法1：插入指定字段：

   `insert into 表名(字段1,字段名2.....) values (值1,值2.....);`

   __注意：__使用该方法如果包含空字段、非空但是有默认值、自增字段。这个时候可以不在insert后面的字段中显示出来。

   ```mysql
   MariaDB [lamp179]> desc user;
   +-------+------------------+------+-----+---------+----------------+
   | Field | Type             | Null | Key | Default | Extra          |
   +-------+------------------+------+-----+---------+----------------+
   | id    | int(10) unsigned | NO   | PRI | NULL    | auto_increment |
   | name  | char(32)         | YES  |     | NULL    |                |
   | sex   | enum('n','v')    | YES  |     | NULL    |                |
   | age   | tinyint(4)       | YES  |     | NULL    |                |
   +-------+------------------+------+-----+---------+----------------+
   4 rows in set (0.01 sec)
   
   MariaDB [lamp179]> insert into user(name,sex,age) value ('咖啡','v',18);
   Query OK, 1 row affected (0.00 sec)
   
   MariaDB [lamp179]> select * from user;
   +----+------+------+------+
   | id | name | sex  | age  |
   +----+------+------+------+
   |  1 | 咖啡 | v    |   18 |
   +----+------+------+------+
   1 row in set (0.00 sec)
   ```

2. 插入所有字段

   `insert into 表名 values (值1,值2,.....)`

   __注意：__不指定列名的情况下values后面的顺序应该和字段的排列顺序一致。并且所有的字段都需要写上。

   ```mysql
   MariaDB [lamp179]> insert into user values(null,'haha','n',19);
   Query OK, 1 row affected (0.00 sec)
   
   MariaDB [lamp179]> select * from user;
   +----+------+------+------+
   | id | name | sex  | age  |
   +----+------+------+------+
   |  1 | 咖啡 | v    |   18 |
   |  2 | haha | n    |   19 |
   +----+------+------+------+
   2 rows in set (0.00 sec)
   ```

3. 插入多条数据

   `insert into 表名(字段名1,字段名2....) values (1值1,1值2....),(2值1,2值2...);`

   ```mysql
   MariaDB [lamp179]> insert into user (name,sex,age) values ('a','n',19),('b','v',
   20);
   Query OK, 2 rows affected (0.00 sec)
   Records: 2  Duplicates: 0  Warnings: 0
   
   MariaDB [lamp179]> select * from user;
   +----+------+------+------+
   | id | name | sex  | age  |
   +----+------+------+------+
   |  1 | 咖啡 | v    |   18 |
   |  2 | haha | n    |   19 |
   |  3 | a    | n    |   19 |
   |  4 | b    | v    |   20 |
   +----+------+------+------+
   4 rows in set (0.01 sec)
   ```

4. 插入单条数据

   `insert into 表名 set 字段名1=值1,字段名2=值2.....`

   ```mysql
   MariaDB [lamp179]> insert into user set name='yanhaijing',sex='n',age=18;
   Query OK, 1 row affected (0.01 sec)
   
   MariaDB [lamp179]> select * from user;
   +----+------------+------+------+
   | id | name       | sex  | age  |
   +----+------------+------+------+
   |  1 | 咖啡       | v    |   18 |
   |  2 | haha       | n    |   19 |
   |  3 | a          | n    |   19 |
   |  4 | b          | v    |   20 |
   |  5 | yanhaijing | n    |   18 |
   +----+------------+------+------+
   5 rows in set (0.01 sec)
   ```

5. 插入某些查询的结果。将某些查询的结果插入到表中。

   `insert into 表名 (字段1,字段名2...) select .....`

   ```mysql
   MariaDB [lamp179]> insert into user (name,sex,age) select name,sex,age from user
   ;
   Query OK, 5 rows affected (0.01 sec)
   Records: 5  Duplicates: 0  Warnings: 0
   ```

### 修改数据

`update 表名 set 字段名1=值1,字段名2=值2.....where 条件`

### 删除记录

`delete from 表名 where 条件`

__注意__ 

1. 如果不加where条件会把表中所有的记录删除掉。
2. 如果使用delete删除的时候有where条件最好先用select将内容查询出来看一下查出来的内容是否就是要删除的内容。
3. 如果要删除所有的数据使用`truncate table 表名`这种会比delete快很多很多。而且很干净

## MySQL中的运算符

### 算术运算符

```mysql
# + - * / %
select 0.1+0.33,0.1-0.33,0.1*0.33,1/2,1%2;
select MOD(3,2)
```

### 比较运算符

1. 比较结果为真，则返回1，为假则返回0，比较结果不确定则返回NULL。

2. 数字作为浮点数比较，而字符串以不区分大小写的方式进行比较。

3. `=` 运算符，null 不能用于 `=` 比较

   ```mysql
   mysql> select 1=0,1=1,null=null;
   +-----+-----+-----------+
   | 1=0 | 1=1 | null=null |
   +-----+-----+-----------+
   |   0 |   1 |      NULL |
   +-----+-----+-----------+
   ```

4. `<>` 运算符，和`=`相反，如果两侧操作数不等，则值为1，否则为0，null不能用于`<>` 比较。

   ```mysql
   mysql> select 1<>0,1<>1,null<>null;
   +------+------+------------+
   | 1<>0 | 1<>1 | null<>null |
   +------+------+------------+
   |    1 |    0 |       NULL |
   +------+------+------------+
   ```

5. `<=>` 运算符，和`=`类似，在操作数相等时值为1，不同之处在于即使操作在值为null也可以正确比较。

   ```mysql
   mysql> select 1<=>0,1<=>1,null<=>null;
   +-------+-------+-------------+
   | 1<=>0 | 1<=>1 | null<=>null |
   +-------+-------+-------------+
   |     0 |     1 |           1 |
   +-------+-------+-------------+
   ```

6. between 运算符，`a between min and max` ,当a大于等于min并且小于等于max。相当于 ( a >= min and a<=max)。

7. `regexp` 运算符 

   ```mysql
   mysql> select 'abcdef' regexp 'de';
   +----------------------+
   | 'abcdef' regexp 'de' |
   +----------------------+
   |                    1 |
   +----------------------+
   1 row in set (0.00 sec)
   ```

## 常用函数

1. concat ( ) 函数，把传入的参数连接成为一个字符串。任何字符串与 null 进行的结果都是 null 。

   ```mysql
   mysql> select concat('a','b','c');
   +---------------------+
   | concat('a','b','c') |
   +---------------------+
   | abc                 |
   +---------------------+
   1 row in set (0.00 sec)
   ```

2. insert（str,x,y,instr）函数，将字符串 str 从第 x 位置开始，y个字符长的子串替换为字符串 instr。

   ```mysql
   mysql> select insert('beijing2008',12,3,'me');
   +---------------------------------+
   | insert('beijing2008',12,3,'me') |
   +---------------------------------+
   | beijing2008me                   |
   +---------------------------------+
   1 row in set (0.00 sec)
   ```

3. lower( str ) 和 upper( str ) 把字符串转换成小写或者大写。

   ```mysql
   select lower('DDDD');
   select upper('dddd');
   ```

4. left( str,x) 和 right(str,x) 函数，分别返回字符串最左边的x个字符和最后边的x个字符。

   ```mysql
   mysql> select left('beijing2008',7);
   +-----------------------+
   | left('beijing2008',7) |
   +-----------------------+
   | beijing               |
   +-----------------------+.
   ```

5. `if( value, t, f )` 如果value是真，返回 t，否则返回 f

   ```mysql
   mysql> select * from salary;
   +--------+--------+
   | userId | salary |
   +--------+--------+
   |      1 | 100.00 |
   |      2 | 200.00 |
   |      3 | 300.00 |
   |      4 | 400.00 |
   |      5 | 500.00 |
   |      1 |   NULL |
   +--------+--------+
   6 rows in set (0.00 sec)
   
   mysql> select if(salary>200,'hight','low') from salary;
   +------------------------------+
   | if(salary>200,'hight','low') |
   +------------------------------+
   | low                          |
   | low                          |
   | hight                        |
   | hight                        |
   | hight                        |
   | low                          |
   +------------------------------+
   6 rows in set (0.00 sec)
   ```

6. `ifnull(value,value2) ` 函数，这个函数一般用来替换NULL值

   ```mysql
   mysql> select ifnull(salary,0) from salary;
   +------------------+
   | ifnull(salary,0) |
   +------------------+
   |           100.00 |
   |           200.00 |
   |           300.00 |
   |           400.00 |
   |           500.00 |
   |             0.00 |
   +------------------+
   ```

7. `case when value then result1 else default end `

   ```mysql
   mysql> select case when salary <= 200 then 'low' else 'high' end from salary;
   +----------------------------------------------------+
   | case when salary <= 200 then 'low' else 'high' end |
   +----------------------------------------------------+
   | low                                                |
   | low                                                |
   | high                                               |
   | high                                               |
   | high                                               |
   | high                                               |
   +----------------------------------------------------+
   ```



## 常用的概念

### 死锁

死锁是指两个或者多个事务在同一资源上相互占用， 并请求锁定对方占用的资源， 从而导致恶性循环的现象，当多个的事务视图以不同的顺序锁定资源时，就可能会产生死锁。多个事务同时锁定同一个资源时，也会产生死锁。

> 事务1
>
> ​	START TRANSACTION;
>
> ​	update stockprice set close = 45.50 where stock_id = 4 and date = '2018-5-1';
>
> ​	update stockprice set close = 45.50 where stock_id = 3 and date = '2018-5-1';
>
> ​	COMMIT;
>
> 事务2
>
> ​	START TRANSACTION;
>
> ​	update stockprice set close = 45.50 where stock_id = 3 and date = '2018-5-1';
>
> ​	update stockprice set close = 45.50 where stock_id = 4 and date = '2018-5-1';
>
> ​	COMMIT;
>
> 如果凑巧，两个事务都执行了第一条UPDATE语句，更新了一行数据，同时也锁定了该行数据，接着每个事务都尝试去执行第二条UPDATE语句，却发现该行已经被对方锁定，然后两个事务都等待对方释放锁，同时又持有对方需要的锁，这陷入死循环。除非有外部因素介入才可能解除死锁。

### 乐观锁

1. 乐观锁不是数据库自带的，需要我们自己去实现。乐观锁是指操作数据库时(更新操作)，想法很乐观，认为这次的操作不会导致冲突，在操作数据时，并不进行任何其他的特殊处理（也就是不加锁），而在进行更新后，再去判断是否有冲突了。

2. 通常实现是这样的：在表中的数据进行操作时(更新)，先给数据表加一个版本(version)字段，每操作一次，将那条记录的版本号加1。也就是先查询出那条记录，获取出version字段,如果要对那条记录进行操作(更新),则先判断此刻version的值是否与刚刚查询出来时的version的值相等，如果相等，则说明这段期间，没有其他程序对其进行操作，则可以执行更新，将version字段的值加1；如果更新时发现此刻的version值与刚刚获取出来的version的值不相等，则说明这段期间已经有其他程序对其进行操作了，则不进行更新操作。

   ```php
   function dummy_business_5() {
       for ($i = 0; $i < 1000; $i++) {
           $connection=Yii::app()->db;
           $transaction = $connection->beginTransaction();
           try {
               $model = Test::model()->findByPk(1);
               $num = $model->num + 1;
               $version = $model->version;
   
               $sql = 'UPDATE {{test}} SET num = '.$num.' + 1, version = version + 1 WHERE id = 1 AND version = '.$version;
               $ok = $connection->createCommand($sql)->execute();
               if(!$ok) {
                   $transaction->rollback(); //如果操作失败, 数据回滚
                   $i--;
                   continue;
               } else {
                   $transaction->commit(); //提交事务会真正的执行数据库操作
               }
           } catch (Exception $e) {
               $transaction->rollback(); //如果操作失败, 数据回滚
           }
       }
   }
   ```

### 悲观锁

1. 与乐观锁相对应的就是悲观锁了。悲观锁就是在操作数据时，认为此操作会出现数据冲突，所以在进行每次操作时都要通过获取锁才能进行对相同数据的操作，所以悲观锁需要耗费较多的时间。另外与乐观锁相对应的，悲观锁是由数据库自己实现了的，要用的时候，我们直接调用数据库的相关语句就可以了。
2. 悲观锁涉及到的另外两个锁概念就出来了，它们就是共享锁与排它锁。共享锁和排它锁是悲观锁的不同的实现，它俩都属于悲观锁的范畴。

## 数据库练习

```mysql
1. 查询Student表中的所有记录的Sname、Ssex和Class列。
   select Sname,Ssex,Class from student
2. 查询教师所有的单位即不重复的Depart列
   select depart from teacher group by depart;
3. 查询Student表的所有记录。
   select * from student;
4. 以Class降序查询Student表的所有记录
   select * from student order by class desc;
5. 查询Student表中“95031”班或性别为“女”的同学记录。
   select * from Score where class = '95031' or Ssex = '女';
6. 查询Score表中成绩为85，86或88的记录。
   select * from Score where Degree in(85,86,88);
7. 查询Score表中成绩在60到80之间的所有记录。
   select *  from Score where Degree between 60 and 80
8. 以Cno升序、Degree降序查询Score表的所有记录。
   select * from Score order by Cno asc,Degree desc;
9. 查询“95031”班的学生人数。
   select count(*) from student where class = "95031"
1o. 查询Score表中的最高分的学生学号和课程号。（子查询或者排序)
    select sno,cno from Score order by degree desc limit 1;
	select sno,cno from Score where degree = (select max(degree) from Score);
11. 查询每门课的平均成绩。
	select Con,avg(degree) from Score group by Cno;
12. 查询Score表中至少有5名学生选修的并以3开头的课程的平均分数
    select avg(degree) from score where Cno like '3%' and Cno in ( select Cno from score group by Cno having count(*) >=5);   用in 不用= 是因为可能会有多个
13. 查询分数大于70，小于90的Sno列。
    select Sno from Score where degree>70 and degree<90
14、查询所有学生的Sname、Cno和Degree列。
    select  Sname, Cno,Degree from Score , student where Score.Sno=student.Sno
15. 查询所有学生的Sno、Cname和Degree列。
    select  Sno,Cname,Degree from Score , Course where Score.Cno=Course.Cno
16. 查询“95033”班学生的平均分。
    select avg(degree) as 'class=95033' from Score where Sno in (select Sno from     Student where Class='95033' )
17. 假设使用如下命令建立了一个grade表：
    create table grade(low  int(3),upp  int(3),rank  char(1))
    insert into grade values(90,100,’A’)
    insert into grade values(80,89,’B’)
    insert into grade values(70,79,’C’)
    insert into grade values(60,69,’D’)
    insert into grade values(0,59,’E’)
    现查询所有同学的Sno、Cno和rank列。
    select Sno,Cno,rank from Score,grade where degree between low and upp
18. 查询成绩高于学号为“109”、课程号为“3-105”的成绩的所有记录。
    Select * from score where degree > (select max(degree) from Score where Sno='109' and Cno='3-105' );
19. 查询和学号为108、101的同学同年出生的所有学生的Sno、Sname和Sbirthday列。
    select sno,sname,sbirthday  from student where year(sbirthday) = (select    year(sbirthday) from student where  sno='108')
20. 查询“张旭“教师任课的学生成绩。
   (1) select sno, degree from score ,course where score.cno = course.cno and course.Tno = (select Tno from Teacher where Tname = '张旭');
   (2)select Tname from Teacher where tno=(select Tno from Course where cno = (select Cno from Score group by cno having count(*) > 5));
21. 查询95033班和95031班全体学生的记录。
    select * from  student where  class in ('95033','95031')
22. 查询出“计算机系“教师所教课程的成绩表。
	 select sno,score.cno,score.degree from score,course where score.cno = course.cno and course.tno in (select tno from teacher where depart = '计算机系');
23. 查询所有教师和同学的name、sex和birthday
  select tname ,tsex,tbirthday from teacher where tsex='女' union select sname ,ssex, sbirthday from student ssex='女';
24. 查询所有未讲课的教师的Tname和Depart.
   select Tname,Depart from Teacher where Tno not in (select Tno from Course where cno in (select cno from score))
25. 查询至少有2名男生的班号。
   select class from student where ssex='男' group by class having count(*)>1
26. 查询Student表中不姓“王”的同学记录。
   select * from Student where Sname not  like '王%%'
27. 查询Student表中每个学生的姓名和年龄。
    select Sname, year(now())-year(sbirthday)  from Student
28. 查询Student表中最大和最小的Sbirthday日期值。
    select Max(Sbirthday ),Min(Sbirthday ) from Student
29.、以班号和年龄从大到小的顺序查询Student表中的全部记录。
    select * from Student  order by  class desc, Sbirthda asc
30. 查询“男”教师及其所上的课程。
    select Tname,Cname from course,teacher where course.tno= teacher.tno and teacher.Tsex='男'
31. 查询最高分同学的Sno、Cno和Degree列。
   select Sno,Cno,Degree from score where degree=(select max(degree) from score)
  排序写入的
    select sno,cno,degree from score order by degree desc limit 0,1;
32. 查询和“李军”同性别并同班的同学Sname.
    select Sname from Student where Ssex = (select Ssex from Student where Sname='李军' ) and class=( select class from student where Sname='李军')
33. 查询所有选修“计算机导论”课程的“男”同学的成绩表。
    select  Sno,Cno,degree from score where Cno=( select Cno from course where Cname='计算机导论') and Sno in (select Sno from student where Ssex='男')
```

